Stall_Name,Owner_Name,Phone,Email,Rating,Review_Count,Distance_km,Prep_Time,Locality,Address,Latitude,Longitude,Category,Price_For_Two,Description,Tags
Dahisar Station Famous Vada Pav & Misal,Santosh Shinde,+91 98201 11223,dahisar.vadapav@vendigo.com,4.9,520,0.3,8-10 min,dahisar-w,Outside Dahisar Railway Station West,19.2505,72.8585,vada-pav,₹70 for two,Legendary Dahisar West street stall serving jumbo piping hot Crispy Batata Vada,Butter Vada Pav,Kanda Bhajji,Kolhapuri Misal
Shree Krishna Dosa & Pav Bhaji Stall,Venkatesh Iyer,+91 97699 88776,krishna.dosa.dahisar@vendigo.com,4.8,280,0.7,15 min,dahisar-w,CS Complex Road Dahisar West,19.2490,72.8560,dosa,₹160 for two,Hot butter-soaked Jinni Dosa and sizzling Amul Butter Pav Bhaji,Jinni Dosa,Cheese Mysore Masala,Amul Pav Bhaji
Dahisar West Khau Galli Bhel & Pani Puri,Ramesh Kanojia,+91 98112 00998,dahisar.bhel@vendigo.com,4.7,340,0.4,5-8 min,dahisar-w,Mandapeshwar Road Dahisar West,19.2520,72.8570,chaat,₹80 for two,Famous Dahisar West chaat spot serving crisp Pani Puri and Sev Puri,Pani Puri,Sev Puri,Dahi Puri,Bhel
Dahisar Junction Toast Sandwich & Frankie,Rajesh Gupta,+91 98334 55667,dahisar.sandwich@vendigo.com,4.7,310,0.5,12-15 min,dahisar-e,Near Anand Nagar Check Naka Dahisar East,19.2575,72.8645,sandwich,₹140 for two,Famous Dahisar East corner for loaded Amul Cheese Grill Toast Sandwiches,Bombay Cheese Grill,Veg Mayo Frankie
Anand Nagar Juice & Milkshake Corner,Ganesh Sawant,+91 98211 44332,anand.juice@vendigo.com,4.6,190,0.9,5-10 min,dahisar-e,Anand Nagar Signal Dahisar East,19.2560,72.8630,beverages,₹100 for two,Fresh seasonal fruit juices and milkshakes,Mosambi Juice,Mango Mastani,Chocolate Shake
Rawalpada Steamed Momos & Indo-Chinese,Sunil Thapa,+91 98234 11299,rawalpada.chinese@vendigo.com,4.7,230,1.1,15 min,dahisar-e,Rawalpada Bus Stop Dahisar East,19.2590,72.8680,frankie,₹130 for two,Hot sizzling Schezwan Hakka Noodles and dumplings,Veg Hakka Noodles,Manchurian Dry,Steam Momos
Borivali Khau Galli Bhel & Sev Puri,Madhavji Joshi,+91 98190 22334,borivali.bhel@vendigo.com,4.9,640,2.1,10 min,borivali-w,Khau Galli Near Borivali West Station,19.2310,72.8555,chaat,₹100 for two,Iconic Borivali street chaat stall serving Sukha Bhel,Special Sev Puri,Oli Bhel,Dahi Ragda Puri
IC Colony Loaded Pizza & Toast Corner,Anthony Fernandes,+91 98200 44331,iccolony.toast@vendigo.com,4.8,470,2.8,15 min,borivali-w,IC Colony Cross Road Borivali West,19.2450,72.8480,sandwich,₹160 for two,Famous IC Colony street corner for Cheesy Toast,Cheese Garlic Toast,Street Pizza,Paneer Sandwich
Borivali Station Hot Vada Pav & Samosa,Bablu Yadav,+91 98331 00223,borivali.vadapav@vendigo.com,4.8,780,2.0,5 min,borivali-w,Platform 1 Exit Borivali West Station,19.2305,72.8565,vada-pav,₹60 for two,Hot piping Vada Pav and Punjabi Samosa Pav,Vada Pav,Samosa Pav,Chai
Kandivali Ice Baraf Gola & Malai Kulfi,Prakash Mehta,+91 98922 44556,kandivali.gola@vendigo.com,4.8,410,3.8,5-8 min,kandivali-w,Mahavir Nagar Khau Galli Kandivali West,19.2080,72.8360,desserts,₹120 for two,Crushed ice shaved baraf gola and kulfi,Kala Khatta Gola,Rabri Falooda,Matka Kulfi
Mahavir Nagar Fusion Dosa & Frankie,Ketan Shah,+91 98205 66778,mahavir.dosa@vendigo.com,4.9,880,4.1,15 min,kandivali-w,Mahavir Nagar Street Food Lane,19.2060,72.8340,dosa,₹190 for two,Special Matka Pizza Dosa and Frankies,Matka Pizza Dosa,Cheese Blast Dosa,Schezwan Frankie
Kandivali Station Pani Puri & Ragda Pattice,Dinesh Prasad,+91 98199 44332,kandivali.panipuri@vendigo.com,4.7,310,3.5,8 min,kandivali-w,Station Road Kandivali West,19.2075,72.8355,chaat,₹90 for two,Crisp Puris filled with hot white ragda,Ragda Puri,Pani Puri,Ragda Pattice
Orlem Frankies & Spicy Dumplings,Dominic Dsouza,+91 98331 77889,orlem.frankies@vendigo.com,4.7,380,6.2,15 min,malad-w,Near Orlem Church Malad West,19.1865,72.8485,frankie,₹150 for two,Spicy chicken tikka frankies and egg rolls,Chicken Tikka Frankie,Double Egg Roll,Steamed Momos
Evershine Nagar Chole Bhature & Pav Bhaji,Balwant Singh,+91 98112 33445,evershine.chole@vendigo.com,4.8,510,6.8,12-15 min,malad-w,Evershine Nagar Signal Malad West,19.1840,72.8430,pav-bhaji,₹160 for two,Fluffy large Paneer Bhature and Amritsari Chole,Amritsari Chole Bhature,Paneer Bhatura,Pav Bhaji
Malad Station Special Toast & Club Sandwich,Vilas Kadam,+91 98201 88776,malad.sandwich@vendigo.com,4.6,290,6.0,10 min,malad-w,Station Road West Malad West,19.1860,72.8480,sandwich,₹130 for two,Loaded Vegetable Cheese Toast and club sandwiches,Veg Cheese Toast,Corn Toast,Chocolate Toast
Lokhandwala Street Wok & Chinese,Vicky Chen,+91 98200 44551,lokhandwala.wok@vendigo.com,4.8,720,11.5,18 min,andheri-w,Back Road Lokhandwala Complex Andheri West,19.1370,72.8280,frankie,₹180 for two,Live sizzling wok noodles and Manchurian,Triple Schezwan Rice,Chilli Garlic Noodles,Manchurian Dry
Versova Beach Fried Fish & Chicken Stall,Peter Koli,+91 98199 22114,versova.fish@vendigo.com,4.9,610,12.2,15 min,andheri-w,Versova Beach Lane Andheri West,19.1320,72.8150,frankie,₹220 for two,Koli style spicy Surmai Fry and Prawns Koliwada,Bombil Fry,Prawns Koliwada,Chicken Crispy
Andheri Station Pav Bhaji & Falooda,Mohan Lal,+91 98205 33441,andheri.pavbhaji@vendigo.com,4.7,480,11.0,10 min,andheri-w,SV Road Andheri West Station,19.1360,72.8270,pav-bhaji,₹160 for two,Sizzling Butter Pav Bhaji and Falooda,Amul Butter Pav Bhaji,Rose Falooda,Cheese Pav Bhaji
Carter Road Steam & Fried Momos,Tashi Namgyal,+91 98700 11223,carter.momos@vendigo.com,4.9,890,14.5,15 min,bandra-w,Carter Road Promenade Bandra West,19.0596,72.8295,frankie,₹180 for two,Famous seaside Bandra momo stall serving Kurkure Cheese Momos,Tandoori Momos,Kurkure Momos,Chilli Cheese Dip
Elco Market Chaat & Pani Puri (Hill Road),Sundar Das,+91 98201 99887,elco.chaat@vendigo.com,4.9,1250,14.0,8 min,bandra-w,Hill Road Bandra West,19.0550,72.8310,chaat,₹150 for two,World famous Bandra Hill Road Pani Puri,Elco Pani Puri,Raj Kachori,Dahi Batata Puri
Pali Naka Kebabs & Frankie Roll Corner,Aslam Khan,+91 98334 11223,pali.kebabs@vendigo.com,4.8,590,14.8,15 min,bandra-w,Pali Naka Junction Bandra West,19.0620,72.8320,frankie,₹200 for two,Char-grilled Seekh Kebabs and Baida Roti,Chicken Seekh Kebab,Baida Roti,Chicken Frankie
Shivaji Park Authentic Misal & Vada Pav,Eknath Patil,+91 98199 00112,shivajipark.misal@vendigo.com,4.9,1120,18.2,10 min,dadar-w,Opposite Shivaji Park Gymkhana Dadar West,19.0275,72.8400,vada-pav,₹80 for two,Traditional Dadar street corner serving Usal Misal Pav,Special Misal Pav,Kothimbir Vadi,Chilled Piyush
Dadar Station Kanda Bhajji & Sabudana Vada,Shankar More,+91 98205 11998,dadar.bhajji@vendigo.com,4.8,840,18.0,8 min,dadar-w,Plaza Cinema Lane Dadar West,19.0260,72.8390,vada-pav,₹70 for two,Sabudana Vada and hot Cutting Chai,Sabudana Vada,Kanda Bhajji,Cutting Chai
Dadar Flower Market South Indian Dosa,Murugan Pillai,+91 98701 44332,dadar.dosa@vendigo.com,4.7,460,18.5,12 min,dadar-w,Near Flower Market Dadar West,19.0280,72.8410,dosa,₹110 for two,Hot Butter Sada Dosa and Medu Vada,Butter Sada Dosa,Podi Idli,Medu Vada
Cannon Pav Bhaji & Juices (CST),Maruti Kadam,+91 98200 99887,cannon.pavbhaji@vendigo.com,4.9,1450,24.0,10 min,colaba,Opposite CST Station Fort South Mumbai,18.9400,72.8350,pav-bhaji,₹200 for two,World-famous South Mumbai street stall serving Amul Butter Pav Bhaji,Amul Butter Pav Bhaji,Cheese Pav Bhaji,Mosambi Juice
Colaba Causeway Frankie & Kathi Roll Corner,Zubair Siddiqui,+91 98199 33221,colaba.frankie@vendigo.com,4.8,890,25.2,12 min,colaba,Colaba Causeway Market Colaba,18.9225,72.8320,frankie,₹180 for two,Crispy Rumali Roti Frankies filled with char-grilled paneer,Paneer Tikka Roll,Chicken Frankie,Cheese Roll
Marine Drive Kulfi Falooda & Baraf Gola,Harish Bhai,+91 98205 11223,marinedrive.kulfi@vendigo.com,4.9,1100,23.5,5 min,colaba,Marine Drive Promenade South Mumbai,18.9440,72.8230,desserts,₹140 for two,Chilled Matka Malai Kulfi and Falooda overlooking the sea,Malai Kulfi,Rose Falooda,Baraf Gola
Ghatkopar Khau Galli Remix Dosa,Jatin Shah,+91 98201 33445,ghatkopar.dosa@vendigo.com,4.9,950,16.8,15 min,ghatkopar-e,Khau Galli Bajaj Road Ghatkopar East,19.0865,72.9085,dosa,₹180 for two,Home of the famous Cheese Burst Ice Cream Dosa,Ice Cream Dosa,Matka Pizza Dosa,Cheese Burst Dosa
Ghatkopar Station Special Bhel & Grill Toast,Chirag Parekh,+91 98332 55667,ghatkopar.bhel@vendigo.com,4.8,520,16.5,10 min,ghatkopar-e,Station Road East Ghatkopar East,19.0860,72.9080,chaat,₹120 for two,Jain and regular Sev Puri,Jain Sukha Bhel,Cheese Toast,Sev Puri
Ghatkopar Khau Galli Pasta & Pizza Dosa,Nitin Mehta,+91 98200 11990,ghatkopar.pasta@vendigo.com,4.7,410,17.0,15 min,ghatkopar-e,Khau Galli Ghatkopar East,19.0870,72.9090,sandwich,₹160 for two,Street style Red Sauce Macaroni Pasta,Red Sauce Pasta,White Sauce Pasta,Street Pizza
Thane Talao Pali Misal & Vadapav,Anant Deshmukh,+91 98333 11224,thane.misal@vendigo.com,4.8,680,15.0,12 min,thane-w,Talao Pali Promenade Thane West,19.2185,72.9785,vada-pav,₹80 for two,Traditional Usal Misal Pav by the lake,Special Misal Pav,Kanda Bhajji,Piyush
Thane Court Area Sandwich & Panipuri,Rajendra Patil,+91 97690 44331,thane.sandwich@vendigo.com,4.7,390,15.5,10 min,thane-w,Court Road Thane West,19.2170,72.9760,sandwich,₹110 for two,Bombay Toast Sandwiches and Pani Puri,Bombay Toast,Cheese Chilli Toast,Pani Puri
Talao Pali Juices & Gola Centre,Siddhesh Pawar,+91 98212 99887,talaopali.juice@vendigo.com,4.6,240,15.2,8 min,thane-w,Opposite Talao Pali Lake Thane West,19.2190,72.9790,beverages,₹90 for two,Watermelon juice and ice golas by the lake,Watermelon Juice,Kala Khatta Gola,Mango Milkshake
